"","iso2c","iso3c","country","date","CO2","Y","E_kwh","Y2","MVA","HDI","KOF"
"1","EG","EGY","Egypt, Arab Rep.",1990,0.427629804406343,8.36812945114494,8.83048004079778,70.0255905111194,-1.77343161178839,-0.567395975254385,3.91706254693297
"2","EG","EGY","Egypt, Arab Rep.",1991,0.421856522409008,8.40169861024929,8.81933860368015,70.5885395374648,-1.83147098611245,-0.555125882662571,3.97967609227179
"3","EG","EGY","Egypt, Arab Rep.",1992,0.415636025180621,8.40673548490277,8.78644919168496,70.6732015131234,-1.85649930466106,-0.544727175441672,4.00123476309751
"4","EG","EGY","Egypt, Arab Rep.",1993,0.411837494007406,8.42762203188607,8.76422309867595,71.0248131123316,-1.84931213906656,-0.532730459154041,4.00367556155923
"5","EG","EGY","Egypt, Arab Rep.",1994,0.336638508316094,8.47004246263791,8.79218326006196,71.7416193188892,-1.83151060874681,-0.520875959619492,4.05417691853108
"6","EG","EGY","Egypt, Arab Rep.",1995,0.378848528433358,8.51182500847044,8.8280769607176,72.4511649748228,-1.81166210152457,-0.509160344446929,4.05345247018282
"7","EG","EGY","Egypt, Arab Rep.",1996,0.411469625385862,8.55698354998307,8.85870854725064,73.2219674746808,-1.79956667537222,-0.49429632181478,4.05157554875789
"8","EG","EGY","Egypt, Arab Rep.",1997,0.459383339683418,8.6097187705435,8.87798431226349,74.127257307849,-1.81305263894821,-0.486133011175619,4.06686811135698
"9","EG","EGY","Egypt, Arab Rep.",1998,0.483326356259649,8.67384439945823,8.89693247668944,75.2355766660129,-1.77318564523223,-0.478035800943,4.07660441226943
"10","EG","EGY","Egypt, Arab Rep.",1999,0.511015755908403,8.72621526231563,8.94636766465774,76.1468328042702,-1.71738448832531,-0.470003629245736,4.08596188712174
"11","EG","EGY","Egypt, Arab Rep.",2000,0.473676628286573,8.77893079803625,8.98291864480412,77.0696259567093,-1.71491114639186,-0.463624022281697,4.09383618818956
"12","EG","EGY","Egypt, Arab Rep.",2001,0.553395793448557,8.81572246963634,9.0050178289848,77.716962661651,-1.73171423101749,-0.457284856837961,4.10705777327193
"13","EG","EGY","Egypt, Arab Rep.",2002,0.553854670059831,8.8427890656923,9.01224181018469,78.1949184603273,-1.68757494168539,-0.455706324544911,4.08010905513162
"14","EG","EGY","Egypt, Arab Rep.",2003,0.56025188138659,8.87297101306108,9.04829109687939,78.7296145986221,-1.75424218674342,-0.45886588483528,4.08211950245187
"15","EG","EGY","Egypt, Arab Rep.",2004,0.62273922166569,8.92067299678108,9.08229663743245,79.5784067154992,-1.75811387447717,-0.454130280089445,4.10907928462739
"16","EG","EGY","Egypt, Arab Rep.",2005,0.718534872012357,8.97529540392802,9.0876011622543,80.5559275877715,-1.78919007101072,-0.450985623409974,4.15112052192043
"17","EG","EGY","Egypt, Arab Rep.",2006,0.750304519526173,9.05087196138141,9.1199938030483,81.9182832613202,-1.83398482779918,-0.443166975292176,4.17625121207674
"18","EG","EGY","Egypt, Arab Rep.",2007,0.802262674473928,9.12687821631507,9.16351948251187,83.2999059754466,-1.87275752031487,-0.432322562278047,4.19830043582615
"19","EG","EGY","Egypt, Arab Rep.",2008,0.817715693270519,9.19357115124676,9.20242583448877,84.5217505130367,-1.86288814468807,-0.421594490038048,4.21507170988359
"20","EG","EGY","Egypt, Arab Rep.",2009,0.838022092231387,9.22304176666582,9.21810028581464,85.0644994296622,-1.84603694096249,-0.414001439130451,4.20411011060696
"21","EG","EGY","Egypt, Arab Rep.",2010,0.831077424006192,9.26217636907397,9.23589856106662,85.7879110918323,-1.82620987775164,-0.404965233066513,4.21221699908318
"22","EG","EGY","Egypt, Arab Rep.",2011,0.835864273680029,9.27747664104298,9.26070795802795,86.071572825098,-1.84723871944646,-0.398986142010455,4.20096172662571
"23","EG","EGY","Egypt, Arab Rep.",2012,0.857144695758155,9.41533005444469,9.27691609785233,88.6484400341295,-1.82229291309023,-0.387134151423441,4.19623983708768
"24","EG","EGY","Egypt, Arab Rep.",2013,0.828650168301822,9.42095390951459,9.24648154050339,88.7543725651982,-1.79526280364625,-0.379797361359587,4.18086542900139
"25","EG","EGY","Egypt, Arab Rep.",2014,0.829532021075866,9.38830260738751,9.21030217124654,88.140225847879,-1.78531350713647,-0.373966441048793,4.18506566681583
"26","EG","EGY","Egypt, Arab Rep.",2015,0.839643957825695,9.4420455675923,9.20467837306988,89.1522245004893,-1.78991447785804,-0.363843433417345,4.15272056403646
"27","EG","EGY","Egypt, Arab Rep.",2016,0.858387639027389,9.41562507922297,9.23776330263409,88.6539956324925,-1.78133438400053,-0.353821874956326,4.15015492517088
"28","EG","EGY","Egypt, Arab Rep.",2017,0.876475103949891,9.37212234498822,9.2564264548395,87.8366772494275,-1.7961578886436,-0.34389975245001,4.20865058114221
"29","EG","EGY","Egypt, Arab Rep.",2018,0.830304099448096,9.42691374687315,9.238608924728,88.866702790986,-1.81088788159815,-0.332679438382517,4.21939864376612
"30","EG","EGY","Egypt, Arab Rep.",2019,0.724239167737042,9.48730620509176,9.20226223148043,90.0089790291726,-1.83331304427953,-0.322963886596421,4.21289792646091
"31","IR","IRN","Iran, Islamic Rep.",1990,1.26898683345227,8.95848312496727,9.58471253230977,80.2544199003234,-1.93016434202533,-0.489390343045926,3.28634871241893
"32","IR","IRN","Iran, Islamic Rep.",1991,1.32924791500193,9.08714090641178,9.62765097767041,82.5761298529823,-1.83542220373632,-0.460449416440924,3.37720217038254
"33","IR","IRN","Iran, Islamic Rep.",1992,1.37000511680449,9.12756129886726,9.70475181716401,83.3123752645793,-1.82832159718273,-0.449416995637347,3.42900920643974
"34","IR","IRN","Iran, Islamic Rep.",1993,1.37665596162695,9.12158751585527,9.6207209791994,83.2033588094067,-1.99772872936904,-0.440056552877783,3.49490259859124
"35","IR","IRN","Iran, Islamic Rep.",1994,1.49200654014417,9.11103117675786,9.7301104743609,83.0108891038538,-1.86352310359894,-0.432322562278047,3.45266351458211
"36","IR","IRN","Iran, Islamic Rep.",1995,1.49652955296153,9.14093713058473,9.76433369773824,83.5567316253027,-1.87442466270357,-0.421594490038048,3.44960406496163
"37","IR","IRN","Iran, Islamic Rep.",1996,1.51348276744749,9.20609196024142,9.83540473111369,84.7521291804217,-1.80147392013255,-0.409473129505703,3.46936162895615
"38","IR","IRN","Iran, Islamic Rep.",1997,1.54326290367759,9.22108771186593,9.85135490599109,85.0284585899248,-1.74663420780376,-0.398986142010455,3.47421166353579
"39","IR","IRN","Iran, Islamic Rep.",1998,1.52288215446133,9.23904453727493,9.87655937167411,85.3599439617498,-1.77840627476797,-0.390084006069862,3.51538736339828
"40","IR","IRN","Iran, Islamic Rep.",1999,1.61249389392766,9.26214883364228,9.93559431954896,85.7874010165411,-1.79216028613045,-0.378336440719912,3.57724776863962
"41","IR","IRN","Iran, Islamic Rep.",2000,1.64755896672888,9.32544114691874,9.96680079207269,86.9638525846451,-1.79340732503076,-0.368169323364468,3.63143717529188
"42","IR","IRN","Iran, Islamic Rep.",2001,1.66966227946319,9.35465714274442,10.0158950547557,87.5096102582992,-1.76328098930245,-0.356674943938732,3.65319056739136
"43","IR","IRN","Iran, Islamic Rep.",2002,1.70360419092191,9.43129112085548,10.0922965618962,88.9492522063274,-1.89069644591435,-0.345311185288417,3.79314567847384
"44","IR","IRN","Iran, Islamic Rep.",2003,1.7467337452761,9.50876503561744,10.1011916474415,90.4166125025807,-1.91100694144697,-0.338273858567841,3.81819663329416
"45","IR","IRN","Iran, Islamic Rep.",2004,1.79966873066542,9.56256608273994,10.1858958932784,91.4426700867683,-1.85135443611546,-0.325730140089311,3.80913880485027
"46","IR","IRN","Iran, Islamic Rep.",2005,1.85991391195263,9.60966815182179,10.227252716624,92.345721988138,-1.89435766577687,-0.318828801448618,3.83754873178166
"47","IR","IRN","Iran, Islamic Rep.",2006,1.91589858192336,9.67301602960224,10.3004978189895,93.567239108942,-1.89488873483798,-0.303811454381665,3.88652035338809
"48","IR","IRN","Iran, Islamic Rep.",2007,1.96140837939656,9.76356164421929,10.3471204478707,95.3271359804701,-2.04735267939643,-0.298406035814757,3.88966430654537
"49","IR","IRN","Iran, Islamic Rep.",2008,1.96486229286813,9.77493636664095,10.3637164392622,95.5493809718797,-2.04265009967793,-0.295714244149045,3.90588244081406
"50","IR","IRN","Iran, Islamic Rep.",2009,1.98739778482962,9.77831858289848,10.3738963184529,95.6155143086577,-2.01932608327042,-0.29035230100766,3.91561343018389
"51","IR","IRN","Iran, Islamic Rep.",2010,1.97127503079976,9.83371627102383,10.3774763865441,96.7019756989988,-2.05698298849706,-0.279713902802604,3.93881985976995
"52","IR","IRN","Iran, Islamic Rep.",2011,1.9784042876127,9.86695976220921,10.4083019449994,97.3568949490556,-1.98106758963358,-0.267879445155601,3.96641472045704
"53","IR","IRN","Iran, Islamic Rep.",2012,1.97835765642103,9.74335982066872,10.4067353872445,94.9330605950217,-1.80928012936537,-0.2484613592985,3.95774049256356
"54","IR","IRN","Iran, Islamic Rep.",2013,2.00681718546798,9.69512897534047,10.4267086144525,93.9955258484864,-1.84961981930822,-0.2484613592985,3.9670489184252
"55","IR","IRN","Iran, Islamic Rep.",2014,2.02426946004924,9.68695236778955,10.4479872080971,93.8370461758236,-1.85887695357261,-0.244622582991334,3.96315852675006
"56","IR","IRN","Iran, Islamic Rep.",2015,1.99140129083247,9.56995970693816,10.4213158204577,91.58412879242,-2.00613573506303,-0.245900538436826,3.97087244270188
"57","IR","IRN","Iran, Islamic Rep.",2016,1.98636172195735,9.6344255784033,10.4503588447158,92.8221562257917,-2.04446096088915,-0.242071561199729,3.98261395437069
"58","IR","IRN","Iran, Islamic Rep.",2017,2.00322208034974,9.66813141777889,10.4726640621979,93.4727651114432,-1.9839566471514,-0.238257189124258,3.96931645891014
"59","IR","IRN","Iran, Islamic Rep.",2018,2.00755984596827,9.65979965391945,10.4929644548485,93.3117293538624,-1.8555227805783,-0.239527030564734,3.99106033445542
"60","IR","IRN","Iran, Islamic Rep.",2019,1.97726761051301,9.63325815887061,10.5357184968893,92.7996627554472,-1.71226851016177,-0.242071561199729,4.01212722298887
"61","JO","JOR","Jordan",1990,1.04876225896242,8.44972387301835,9.4019295183577,71.3978335302563,-2.10627327007238,-0.474815186242958,3.97215240181442
"62","JO","JOR","Jordan",1991,0.981257649399188,8.37282546869997,9.29657669035213,70.1042063293109,-2.20108597833371,-0.463624022281697,4.01376022751284
"63","JO","JOR","Jordan",1992,1.1262124031113,8.49788457407704,9.40764979742158,72.2140422343366,-2.15681037700966,-0.441610554744518,4.03047957451811
"64","JO","JOR","Jordan",1993,1.09669039163292,8.51138093291962,9.34425123009457,72.4436053852676,-2.22542193419806,-0.433864582629862,4.05643970454945
"65","JO","JOR","Jordan",1994,1.11098638668426,8.53285726670778,9.43483804605219,72.8096531340077,-2.05973926938393,-0.427710717055484,4.04299899842354
"66","JO","JOR","Jordan",1995,1.11562724230192,8.57019618343751,9.44071102476557,73.4482626226068,-2.11297965947912,-0.41855034765682,4.08389182971944
"67","JO","JOR","Jordan",1996,1.10166504610125,8.57408832615684,9.4795732243629,73.514990624739,-2.21372944762888,-0.412489723045129,4.1269893545052
"68","JO","JOR","Jordan",1997,1.1106934467294,8.60115044264147,9.4187079340544,73.9797889369516,-2.16840668258801,-0.404965233066513,4.15096859555054
"69","JO","JOR","Jordan",1998,1.1042928011394,8.62075847661172,9.46276377400722,74.3174767120728,-2.07748260742563,-0.398986142010455,4.1721945271091
"70","JO","JOR","Jordan",1999,1.08358476571492,8.64494257539927,9.45131645435804,74.7350321319509,-2.07390164814616,-0.391562202939173,4.18194111206734
"71","JO","JOR","Jordan",2000,1.16859606425386,8.68742209255041,9.48193650667632,75.471302614133,-2.04424388264231,-0.384192972832625,4.22243635370781
"72","JO","JOR","Jordan",2001,1.14657044515155,8.73738984488911,9.42064700143925,76.3419813015713,-2.05186972701519,-0.375420986759788,4.23342548750951
"73","JO","JOR","Jordan",2002,1.16266481656148,8.79507595711014,9.44675601810052,77.3533610913368,-1.96649141323449,-0.369615455214467,4.22233868741198
"74","JO","JOR","Jordan",2003,1.16559319426796,8.83104960742096,9.51214610925142,77.9874371687299,-1.93538293936076,-0.360969868221613,4.24061460519017
"75","JO","JOR","Jordan",2004,1.21150829630695,8.91197665332534,9.57007409308267,79.423327869416,-1.85804220921861,-0.346724613085564,4.26198503842574
"76","JO","JOR","Jordan",2005,1.25246762734261,9.00133342633153,9.62623754307078,81.0240034519932,-1.87250826102218,-0.338273858567841,4.28349689930119
"77","JO","JOR","Jordan",2006,1.19977541423807,9.04584808492381,9.59205027965254,81.8273675755197,-1.80592911660353,-0.32989392126109,4.29140712711911
"78","JO","JOR","Jordan",2007,1.18110294111151,9.08955065829013,9.48957529248508,82.6199311696225,-1.69837178777776,-0.334075112021491,4.31101764013935
"79","JO","JOR","Jordan",2008,1.10414412866503,9.15553481153395,9.42789827254768,83.8238176852099,-1.55329474010448,-0.320205264157341,4.30983407911181
"80","JO","JOR","Jordan",2009,1.11439163479061,9.18868753209184,9.44506421216866,84.43197856242,-1.60304413881942,-0.317454230785451,4.29166395074679
"81","JO","JOR","Jordan",2010,1.06948284970762,9.20166081334986,9.4631064904892,84.6705617239384,-1.66460524109573,-0.318828801448618,4.29594214621653
"82","JO","JOR","Jordan",2011,1.07135038418133,9.22362908462278,9.48372256172382,85.0753334906993,-1.64462611684405,-0.3147107448397,4.29254239427115
"83","JO","JOR","Jordan",2012,1.20745086937788,9.24067984029244,9.52886042816789,85.3901639107872,-1.67190537919814,-0.306525160253261,4.29132693452318
"84","JO","JOR","Jordan",2013,1.12929443532057,9.24191626473574,9.45693760286645,85.4130162443871,-1.64627456502877,-0.303811454381665,4.29376189937207
"85","JO","JOR","Jordan",2014,1.08227188799552,9.15457371859994,9.36472291063639,83.8062199692808,-1.66876665051245,-0.3051673867928,4.3105070151657
"86","JO","JOR","Jordan",2015,0.980478083962045,9.13105038094039,9.34985332683478,83.3760810592716,-1.69490753591824,-0.303811454381665,4.28715505839126
"87","JO","JOR","Jordan",2016,0.908972649287305,9.11128328126032,9.36528122524845,83.0154830313739,-1.71449275020742,-0.301105092783922,4.2944259561061
"88","JO","JOR","Jordan",2017,0.935040122582356,9.17254566559178,9.37444059057709,84.1355939873666,-1.71490276901942,-0.295714244149045,4.29021119373465
"89","JO","JOR","Jordan",2018,0.859662467756781,9.19055370055271,9.32664925493654,84.4662773227431,-1.73219666031677,-0.298406035814757,4.29017324564732
"90","JO","JOR","Jordan",2019,0.771783413894372,9.20198546675444,9.32885576161813,84.67653653036,-1.73912516219317,-0.295714244149045,4.29629132637418
"91","MA","MAR","Morocco",1990,-0.133608711500834,7.9644637381575,8.12208951776539,63.4326826364258,-1.64591531715845,-0.802962046567152,3.77063753820786
"92","MA","MAR","Morocco",1991,-0.0777442409465721,8.05134316401069,8.11783440173983,64.8241267446617,-1.69553603366115,-0.789658080940789,3.8648481588553
"93","MA","MAR","Morocco",1992,-0.0207517137063924,8.0258289602619,8.21392378522186,64.4139304993787,-1.66781184050265,-0.778705068921592,3.89892011067084
"94","MA","MAR","Morocco",1993,-0.00894362170464442,8.02124304376872,8.20852742648529,64.340339967208,-1.6575761645224,-0.765717873394781,3.9513207431559
"95","MA","MAR","Morocco",1994,0.0560649674542586,8.13383129751774,8.29068736899822,66.1592115764792,-1.71057396159294,-0.740238788093796,3.95571560725524
"96","MA","MAR","Morocco",1995,0.0792151987051021,8.07438970145713,8.25627240663049,65.195769050997,-1.66733160957375,-0.731888008876376,3.94396984332962
"97","MA","MAR","Morocco",1996,0.0535638281705343,8.20462152697492,8.28584149526111,67.3158144009002,-1.69876185271192,-0.707246104939447,3.86317246803736
"98","MA","MAR","Morocco",1997,0.087547737242145,8.18733209298226,8.31002977489511,67.0324068007772,-1.65762145050911,-0.699165252885508,3.87709448364385
"99","MA","MAR","Morocco",1998,0.0973881764285097,8.2614104809287,8.32106698742582,68.2509031343986,-1.82036164358944,-0.683196849706777,3.87591082856847
"100","MA","MAR","Morocco",1999,0.133420143212143,8.26699134398766,8.34409520640053,68.3431458815669,-1.7977311600565,-0.663588378318401,3.89591123918088
"101","MA","MAR","Morocco",2000,0.140946551706383,8.29155653489632,8.32207012381578,68.7499097713818,-1.7893535215754,-0.644357016390513,3.99869516015452
"102","MA","MAR","Morocco",2001,0.226191190956956,8.37317615897198,8.38631496175436,70.1100789891768,-1.88641626643962,-0.623621117911335,4.02197147579114
"103","MA","MAR","Morocco",2002,0.245891085053467,8.40787886975866,8.39834740123627,70.6924270885342,-1.88929480946396,-0.603306476560156,4.04431032884983
"104","MA","MAR","Morocco",2003,0.22783932018688,8.4754486881823,8.38890426160997,71.8332304660111,-1.85047073278746,-0.585190039054853,4.0526430522675
"105","MA","MAR","Morocco",2004,0.31149061562499,8.53579077921839,8.50646357439847,72.8597242265897,-1.83036881147491,-0.572701027484078,4.06614279662964
"106","MA","MAR","Morocco",2005,0.359104568819909,8.58305826978756,8.57574009863073,73.6688892625687,-1.88069264785142,-0.562118918153541,4.09916531859921
"107","MA","MAR","Morocco",2006,0.377876211265661,8.67531016651337,8.58308049628594,75.2610064852102,-1.92312006655993,-0.551647618286246,4.12346907367619
"108","MA","MAR","Morocco",2007,0.394563620700749,8.7160133939538,8.56144189685063,75.9688894835821,-1.98458183807621,-0.539568092631645,4.14650522859429
"109","MA","MAR","Morocco",2008,0.429980887380524,8.78004010861893,8.64717452001373,77.089104308957,-1.98688685108834,-0.527632742082372,4.13950491078109
"110","MA","MAR","Morocco",2009,0.419952284702113,8.81524501170408,8.60996852484672,77.7085446163737,-1.94955667796361,-0.517514611916787,4.13905419272003
"111","MA","MAR","Morocco",2010,0.466256342635598,8.85239133100614,8.70037271338612,78.3648322772727,-1.93733618608856,-0.504181081047322,4.16791495355609
"112","MA","MAR","Morocco",2011,0.530399602318056,8.91168201322555,8.73594728313276,79.4180763048478,-1.94719058449234,-0.484508315448617,4.18626270034931
"113","MA","MAR","Morocco",2012,0.554629689893397,8.91200630122687,8.74019657290712,79.4238563131074,-1.96636430076195,-0.468404907882039,4.20376379333552
"114","MA","MAR","Morocco",2013,0.532879293492517,8.94553254443872,8.75306870620446,80.0225525036123,-1.94362570240308,-0.452556715642015,4.19943034379388
"115","MA","MAR","Morocco",2014,0.538652544347801,8.9026663183019,8.75412224455823,79.2574675750271,-1.88432162941491,-0.438504962186365,4.19329611074367
"116","MA","MAR","Morocco",2015,0.554191692915467,8.97529287399352,8.75910253465934,80.5558821739589,-1.90419955668157,-0.421594490038048,4.21508433173232
"117","MA","MAR","Morocco",2016,0.54075653322283,8.98019398292998,8.75797168896939,80.6438839710518,-1.91411130344876,-0.412489723045129,4.23300405775637
"118","MA","MAR","Morocco",2017,0.5730468514963,9.01106323838881,8.79189998787801,81.1992606862422,-1.92535763631588,-0.398986142010455,4.24140842217859
"119","MA","MAR","Morocco",2018,0.581840108552684,9.05340453386053,8.81442061173655,81.9641336537265,-1.90657720182797,-0.390084006069862,4.24313345067549
"120","MA","MAR","Morocco",2019,0.670547734270732,9.08818437635233,8.89116267886039,82.5950952585746,-1.91396434228161,-0.379797361359587,4.24532500434365
"121","SA","SAU","Saudi Arabia",1990,2.37113289374756,10.5424427679345,10.9682634598187,111.143099515174,-2.48849385758679,-0.358104536748327,3.89637028500772
"122","SA","SAU","Saudi Arabia",1991,2.42337541466474,10.6642448990862,10.9749088782507,113.726119267686,-2.49101842100581,-0.346724613085564,3.93127002856385
"123","SA","SAU","Saudi Arabia",1992,2.45879673045763,10.7005612535741,10.9474703915428,114.502011141491,-2.43537645738372,-0.338273858567841,3.91924933494367
"124","SA","SAU","Saudi Arabia",1993,2.43264431521046,10.684936570833,10.9365509431411,114.167869522723,-2.42884040936243,-0.332679438382517,3.988850805854
"125","SA","SAU","Saudi Arabia",1994,2.41903498588913,10.6863205119329,11.0529846038207,114.197446083757,-2.40250185179746,-0.328504066972036,3.99315462104031
"126","SA","SAU","Saudi Arabia",1995,2.38361063638093,10.683868477027,10.9991609602544,114.145045634411,-2.37577225140988,-0.322963886596421,3.9305895803941
"127","SA","SAU","Saudi Arabia",1996,2.41709647218482,10.7027263789131,11.0054739757379,114.548351941882,-2.35511612478267,-0.317454230785451,3.96272559117149
"128","SA","SAU","Saudi Arabia",1997,2.40131157927128,10.7054826133232,10.9970265772691,114.607357984165,-2.32574118397455,-0.311974765020825,3.9763293037499
"129","SA","SAU","Saudi Arabia",1998,2.43580211334376,10.7198648398212,11.0216273979923,114.915502184034,-2.28492381393148,-0.303811454381665,4.00608340333743
"130","SA","SAU","Saudi Arabia",1999,2.43365667622163,10.6702391749283,11.0138116560368,113.854004050174,-2.30811832302433,-0.301105092783922,4.01001402571121
"131","SA","SAU","Saudi Arabia",2000,2.44982446815366,10.7220495282065,11.0340966077057,114.962346085314,-2.38302334375833,-0.293029678778376,4.00830809326692
"132","SA","SAU","Saudi Arabia",2001,2.44272499923523,10.7068166421347,11.0728677630235,114.635922608293,-2.34300156696728,-0.285018955032297,4.0202363357552
"133","SA","SAU","Saudi Arabia",2002,2.48773973763347,10.6683228225511,11.0895011616005,113.813111846165,-2.3144975446028,-0.279713902802604,4.03092554495703
"134","SA","SAU","Saudi Arabia",2003,2.50985517524273,10.7690932471021,11.1240391166066,115.973369364781,-2.27122776389381,-0.267879445155601,4.04555926177985
"135","SA","SAU","Saudi Arabia",2004,2.53955146849278,10.8468855014468,11.1837154544342,117.654925081497,-2.29240156015149,-0.25489224962879,4.06553003682169
"136","SA","SAU","Saudi Arabia",2005,2.55901642929649,10.9066846325512,11.214961245287,118.955769673929,-2.36844587584749,-0.244622582991334,4.07535149788845
"137","SA","SAU","Saudi Arabia",2006,2.58135157305208,10.9392420756941,11.2233793896774,119.667017190637,-2.36025664483146,-0.242071561199729,4.11199569372358
"138","SA","SAU","Saudi Arabia",2007,2.59767287590366,10.9589592754572,11.2069210929963,120.098788401129,-2.32602751878689,-0.24079848655293,4.16027138428425
"139","SA","SAU","Saudi Arabia",2008,2.65350626398813,11.0133446803545,11.2590058260732,121.293761048293,-2.42948205628497,-0.230671817735001,4.17314690040698
"140","SA","SAU","Saudi Arabia",2009,2.65831421020123,10.9733677324907,11.2569651613038,120.414799392469,-2.23985053261841,-0.225646681532328,4.19906774408858
"141","SA","SAU","Saudi Arabia",2010,2.71921341126135,10.9833213233289,11.330649827122,120.633347291492,-2.22299943473489,-0.216913001563574,4.20427712963556
"142","SA","SAU","Saudi Arabia",2011,2.73315888929869,11.0626611668999,11.3482424307803,122.382472093634,-2.30925215229374,-0.20334092401803,4.19510309721599
"143","SA","SAU","Saudi Arabia",2012,2.77121376281864,11.0731940610891,11.3857973674235,122.61562671454,-2.33027062099925,-0.193584749072665,4.1754021684363
"144","SA","SAU","Saudi Arabia",2013,2.77158315840028,11.025333275891,11.3708271955071,121.55797384447,-2.31265414475612,-0.185125484126689,4.18710953017948
"145","SA","SAU","Saudi Arabia",2014,2.82287990970237,11.0297756419372,11.4214465963111,121.655950711471,-2.22268429335524,-0.179126665897435,4.18514823083391
"146","SA","SAU","Saudi Arabia",2015,2.84826381388428,10.8764112891359,11.4439240934472,118.296322530443,-2.05310085208617,-0.17197526473981,4.17681434301523
"147","SA","SAU","Saudi Arabia",2016,2.82108736201338,10.8042541664257,11.4632997268061,116.731908092727,-2.02508444518087,-0.167235919375914,4.1795955927472
"148","SA","SAU","Saudi Arabia",2017,2.77743893480209,10.8683438138274,11.4409392786975,118.12089725556,-2.01788497591567,-0.16369609267079,4.20139059202735
"149","SA","SAU","Saudi Arabia",2018,2.71240739431395,10.9480218133941,11.3915876560874,119.859181626553,-2.0738921120495,-0.155484902840395,4.20388141107049
"150","SA","SAU","Saudi Arabia",2019,2.68805268699486,10.9799828368023,11.3264665531143,120.560023096472,-2.08031236005093,-0.148500008318444,4.20760905410464
"151","TN","TUN","Tunisia",1990,0.552949066064867,8.23143939198383,8.84825488886123,67.7565944639032,-1.7786519659961,-0.569161200778954,3.96318621780804
"152","TN","TUN","Tunisia",1991,0.567293811272363,8.2830455667572,8.63655932886101,68.6088438609761,-1.77499142456677,-0.558616287602339,3.96968742525867
"153","TN","TUN","Tunisia",1992,0.615799585364326,8.36081864061998,8.75940827931552,69.9032883413385,-1.79993533894647,-0.54818141030976,4.00860696802025
"154","TN","TUN","Tunisia",1993,0.616066161273732,8.38781567378067,8.87209684955409,70.3554517773207,-1.76035438173795,-0.536143431750281,4.03393008032856
"155","TN","TUN","Tunisia",1994,0.599670465081653,8.42522240961064,8.933627385198,70.9843726514053,-1.68875156512862,-0.517514611916787,4.04814588017113
"156","TN","TUN","Tunisia",1995,0.606482766970742,8.45491494060871,8.81531641484334,71.4855866529284,-1.66259785368114,-0.505838082254952,4.05922788343509
"157","TN","TUN","Tunisia",1996,0.622352306672684,8.52389091152891,8.87253139831998,72.6567162716452,-1.69673207482845,-0.489390343045926,4.02906086333493
"158","TN","TUN","Tunisia",1997,0.640371452553128,8.58291445034364,9.0090852613323,73.6664204619176,-1.78818314224195,-0.476424197048658,4.03649221618883
"159","TN","TUN","Tunisia",1998,0.671482458476313,8.63032328557675,9.06897678765706,74.4824800135683,-1.79231948906497,-0.457284856837961,4.03701914045445
"160","TN","TUN","Tunisia",1999,0.713167301964895,8.69188001096625,9.06505682103906,75.5487781250347,-1.80196725721682,-0.440056552877783,4.04908820493172
"161","TN","TUN","Tunisia",2000,0.755933895572478,8.74649025100415,9.1054043217757,76.5010917109106,-1.81338917384291,-0.429245636773568,4.07226172644657
"162","TN","TUN","Tunisia",2001,0.787626127944514,8.79713740369558,9.19955724244244,77.3896264994998,-1.79875157630918,-0.41855034765682,4.0986680627205
"163","TN","TUN","Tunisia",2002,0.785709798467225,8.8176945940159,9.1794172424633,77.7517379533373,-1.79886647282197,-0.410980288796275,4.09280013442843
"164","TN","TUN","Tunisia",2003,0.767520530980386,8.87558639829533,9.15525304724391,78.7760339136051,-1.82761335980219,-0.401971218853909,4.10636524951143
"165","TN","TUN","Tunisia",2004,0.804983335532659,8.95480197815732,9.16503082343031,80.1884784680102,-1.84662518627782,-0.387134151423441,4.12727318117103
"166","TN","TUN","Tunisia",2005,0.817957218441431,9.01151241096886,9.23763009695358,81.2073559330458,-1.8545484290992,-0.376877651256252,4.14705972417785
"167","TN","TUN","Tunisia",2006,0.847725568051659,9.08376983911345,9.16993172951419,82.5148744899872,-1.82295602396903,-0.366725279792234,4.15502931981077
"168","TN","TUN","Tunisia",2007,0.874434529932306,9.16549289020974,9.0453972122878,84.0062599204854,-1.78141100978243,-0.356674943938732,4.17701525058894
"169","TN","TUN","Tunisia",2008,0.888175442609792,9.21552540642202,9.18144880108628,84.9259085164097,-1.70712639125531,-0.349557476169868,4.18630909513789
"170","TN","TUN","Tunisia",2009,0.879378372011074,9.24071282369772,8.99030423763707,85.3907734900515,-1.77567538019193,-0.34389975245001,4.18367766412192
"171","TN","TUN","Tunisia",2010,0.955311482675671,9.27614112741077,9.00585860136165,86.0467942156415,-1.84998767626892,-0.338273858567841,4.20316010094308
"172","TN","TUN","Tunisia",2011,0.884467038430364,9.26452709136943,8.94622416375104,85.8314622267181,-1.83448852582819,-0.335472736288129,4.19804564361367
"173","TN","TUN","Tunisia",2012,0.957327283455569,9.27727502010723,9.02786864390709,86.0678317987056,-1.8685359960308,-0.334075112021491,4.21264626217702
"174","TN","TUN","Tunisia",2013,0.928645291039793,9.27890207052144,9.07407220923893,86.0980236343271,-1.89657060099092,-0.32989392126109,4.20857469911139
"175","TN","TUN","Tunisia",2014,0.997063276018437,9.30063426394721,9.15981962120522,86.5017977117088,-1.92782295429235,-0.327116141697188,4.22549285769317
"176","TN","TUN","Tunisia",2015,1.0066651167387,9.28127458450726,9.18087633924387,86.1420579130205,-1.96537184307474,-0.322963886596421,4.1964041570094
"177","TN","TUN","Tunisia",2016,0.953371950684425,9.29632419621426,9.16803529907199,86.4216435611188,-1.97985320601305,-0.317454230785451,4.20206694102499
"178","TN","TUN","Tunisia",2017,0.956580507550394,9.3181492080501,9.21430161587967,86.8279046634847,-1.95185861000095,-0.311974765020825,4.20817091895677
"179","TN","TUN","Tunisia",2018,0.955420981048859,9.35575180415001,9.23098793633014,87.5300918208562,-1.92985798341759,-0.3051673867928,4.21321332102093
"180","TN","TUN","Tunisia",2019,0.946430035961317,9.37757477115094,9.22307316482279,87.9389085885266,-1.94359030540033,-0.301105092783922,4.20657610207346
"181","TR","TUR","Turkiye",1990,0.940927929395267,8.87625115370995,9.24428488272911,78.7878345437372,-1.51604743899378,-0.514164525031505,3.92391430314171
"182","TR","TUR","Turkiye",1991,0.955240631517722,8.90183744200774,9.24674201914038,79.2427098439308,-1.50634366977482,-0.507497833673316,3.95934579656416
"183","TR","TUR","Turkiye",1992,0.978551663656231,8.9660205528535,9.2794389178794,80.3895245541914,-1.53076129114458,-0.49758039701597,3.99402782779798
"184","TR","TUR","Turkiye",1993,0.998925902110902,9.05066199252876,9.34518957091242,81.9144825030046,-1.56978053865085,-0.486133011175619,4.02328205271275
"185","TR","TUR","Turkiye",1994,0.970025433946002,8.99985795416537,9.29552004742434,80.9974431951537,-1.51127218675647,-0.484508315448617,4.07976126549827
"186","TR","TUR","Turkiye",1995,1.0421575298978,9.07453966354405,9.39112867059701,82.3472701052341,-1.48872295062662,-0.473208760194684,4.09076289426647
"187","TR","TUR","Turkiye",1996,1.12295051944263,9.14521148994324,9.46152678095186,83.6348931957898,-1.55393592777244,-0.462035459596559,4.06253948683533
"188","TR","TUR","Turkiye",1997,1.14949589751989,9.21998313078144,9.49034542639004,85.0080889318943,-1.53407144536844,-0.449416995637347,4.10301858518043
"189","TR","TUR","Turkiye",1998,1.13521326128919,9.24739508720253,9.49991363000865,85.5143158988175,-1.50185537264246,-0.433864582629862,4.09093145660051
"190","TR","TUR","Turkiye",1999,1.11480567362433,9.21396469617136,9.45823194897958,84.8971454222922,-1.6096227261317,-0.427710717055484,4.10762365638519
"191","TR","TUR","Turkiye",2000,1.21645668983843,9.2892170770559,9.50945751409491,86.289553904667,-1.67634579983431,-0.401971218853909,4.13968271073741
"192","TR","TUR","Turkiye",2001,1.11161567555345,9.23885727240319,9.39874729199828,85.3564836998373,-1.73077934267391,-0.393042588109607,4.16388532842782
"193","TR","TUR","Turkiye",2002,1.1485722990916,9.30466088039912,9.47477783204161,86.5767140992297,-1.77592852438844,-0.378336440719912,4.12115175334522
"194","TR","TUR","Turkiye",2003,1.18708520643796,9.36848458132454,9.51880642827154,87.7685033505157,-1.76542253221618,-0.369615455214467,4.11833142393135
"195","TR","TUR","Turkiye",2004,1.19798434715155,9.47629709889317,9.57362415932087,89.8002067064911,-1.77500648378027,-0.362405618647717,4.13347738675706
"196","TR","TUR","Turkiye",2005,1.2297804514147,9.58085551694842,9.58243923338325,91.7927924366409,-1.77762796898814,-0.355247391947547,4.17132260451881
"197","TR","TUR","Turkiye",2006,1.3220569430931,9.66585389993703,9.6733258691441,93.4287316149278,-1.76847033877934,-0.341082849178896,4.18176064966719
"198","TR","TUR","Turkiye",2007,1.41556382543812,9.72958888342001,9.72105957007916,94.6648998403702,-1.78351348925785,-0.331285709933913,4.202440438592
"199","TR","TUR","Turkiye",2008,1.39678877505804,9.74368363992455,9.71243406314031,94.9393708749334,-1.81617915342555,-0.327116141697188,4.23820381909535
"200","TR","TUR","Turkiye",2009,1.38681607972556,9.68590625317716,9.71324877711497,93.8167799453364,-1.88666774006088,-0.317454230785451,4.24466898332045
"201","TR","TUR","Turkiye",2010,1.40406432259326,9.76300738730067,9.75334803390148,95.3163132444874,-1.89352853720549,-0.287682072451781,4.24327490497604
"202","TR","TUR","Turkiye",2011,1.4569831552582,9.87610458794208,9.80621331022316,97.5374418319707,-1.80492550042316,-0.27049724769768,4.25420704799774
"203","TR","TUR","Turkiye",2012,1.47865000958197,9.92839619057181,9.85157933227831,98.5730509169608,-1.84302651761671,-0.258770728957361,4.26170670959284
"204","TR","TUR","Turkiye",2013,1.43279492988957,10.0088106174927,9.82727081233932,100.176289976834,-1.81524168670655,-0.220646671115623,4.25763802028811
"205","TR","TUR","Turkiye",2014,1.48768498286523,10.0835366542588,9.83727264037332,101.677711457781,-1.78547742127814,-0.208254938820459,4.27525081894
"206","TR","TUR","Turkiye",2015,1.50813368437557,10.1538986229121,9.91212494265177,103.101657244377,-1.78998990907389,-0.197232169529709,4.2661652648469
"207","TR","TUR","Turkiye",2016,1.55768956762545,10.1854137290557,9.94388031895118,103.742652832036,-1.79604114883527,-0.191160505461159,4.2578724595202
"208","TR","TUR","Turkiye",2017,1.64978859270696,10.2485828959324,9.98845924661948,105.033451374797,-1.73773553681048,-0.182721636815294,4.26355665801509
"209","TR","TUR","Turkiye",2018,1.62667245683767,10.2862640428809,9.96859036755495,105.807227959865,-1.65633269457681,-0.176737178500054,4.25239149398245
"210","TR","TUR","Turkiye",2019,1.57463134278516,10.2971239430602,9.99757252753803,106.030761498743,-1.69404485292615,-0.17197526473981,4.25957559534842
